{"exchange":{"rate":856},"xrp":{"toCoinOne":0.42757009345794394,"toBtc":0.4287383177570093},"bch":{"toCoinOne":612.4415887850467,"toBtc":613.2593457943925},"eth":{"toCoinOne":368.51635514018693,"toBtc":368.80841121495325},"ltc":{"toCoinOne":108.32943925233644,"toBtc":108.4696261682243},"etc":{"toCoinOne":14.211448598130842,"toBtc":14.228971962616823}}