{"exchange":{"rate":856},"xrp":{"toCoinOne":0.40186915887850466,"toBtc":0.4030373831775701},"bch":{"toCoinOne":630.0233644859813,"toBtc":630.373831775701},"eth":{"toCoinOne":354.96495327102804,"toBtc":355.14018691588785},"ltc":{"toCoinOne":109.85981308411215,"toBtc":110.09345794392523},"etc":{"toCoinOne":16.337616822429908,"toBtc":16.372663551401867}}