{"exchange":{"rate":856},"xrp":{"toCoinOne":0.42757009345794394,"toBtc":0.4287383177570093},"bch":{"toCoinOne":616.2383177570093,"toBtc":616.6471962616822},"eth":{"toCoinOne":368.3411214953271,"toBtc":368.63317757009344},"ltc":{"toCoinOne":108.80841121495327,"toBtc":108.97196261682242},"etc":{"toCoinOne":14.339953271028037,"toBtc":14.363317757009346}}