{"exchange":{"rate":856},"xrp":{"toCoinOne":0.42406542056074764,"toBtc":0.4264018691588785},"bch":{"toCoinOne":610.3971962616822,"toBtc":611.0981308411215},"eth":{"toCoinOne":368.51635514018693,"toBtc":368.75},"ltc":{"toCoinOne":107.00934579439253,"toBtc":107.13785046728972},"etc":{"toCoinOne":14.088785046728972,"toBtc":14.117990654205608}}