{"exchange":{"rate":856},"xrp":{"toCoinOne":0.4252336448598131,"toBtc":0.4264018691588785},"bch":{"toCoinOne":610.5724299065421,"toBtc":611.623831775701},"eth":{"toCoinOne":369.27570093457945,"toBtc":369.7429906542056},"ltc":{"toCoinOne":107.26635514018692,"toBtc":107.46495327102804},"etc":{"toCoinOne":14.088785046728972,"toBtc":14.106308411214954}}