{"exchange":{"rate":800.2505652998},"xrp":{"toCoinOne":0.40362358242008073,"toBtc":0.40487319103438435},"bch":{"toCoinOne":557.575363702291,"toBtc":558.262648440158},"eth":{"toCoinOne":390.1278093856012,"toBtc":390.37773110846194},"ltc":{"toCoinOne":108.02866470655101,"toBtc":108.20360991255353},"etc":{"toCoinOne":14.058096910916124,"toBtc":14.07059299705916}}