{"exchange":{"rate":856},"xrp":{"toCoinOne":0.4252336448598131,"toBtc":0.4264018691588785},"bch":{"toCoinOne":608.4696261682243,"toBtc":609.4042056074767},"eth":{"toCoinOne":368.51635514018693,"toBtc":369.10046728971963},"ltc":{"toCoinOne":107.0677570093458,"toBtc":107.30140186915888},"etc":{"toCoinOne":14.164719626168225,"toBtc":14.17056074766355}}