{"exchange":{"rate":800.2505652998},"xrp":{"toCoinOne":0.40362358242008073,"toBtc":0.40487319103438435},"bch":{"toCoinOne":557.3254419794304,"toBtc":558.0127267172974},"eth":{"toCoinOne":390.1902898163164,"toBtc":390.56517240060754},"ltc":{"toCoinOne":107.9536881896928,"toBtc":108.07864905112316},"etc":{"toCoinOne":14.058096910916124,"toBtc":14.07684104013068}}