{"exchange":{"rate":856},"xrp":{"toCoinOne":0.42990654205607476,"toBtc":0.4310747663551402},"bch":{"toCoinOne":617.3481308411215,"toBtc":617.6401869158879},"eth":{"toCoinOne":370.03504672897196,"toBtc":370.26869158878503},"ltc":{"toCoinOne":108.55140186915888,"toBtc":108.69158878504673},"etc":{"toCoinOne":14.322429906542055,"toBtc":14.339953271028037}}