{"exchange":{"rate":800.2505652998},"xrp":{"toCoinOne":0.40362358242008073,"toBtc":0.406122799648688},"bch":{"toCoinOne":558.7000114551644,"toBtc":559.4497766237465},"eth":{"toCoinOne":390.1278093856012,"toBtc":390.44021153917714},"ltc":{"toCoinOne":108.01616862040798,"toBtc":108.16612165412442},"etc":{"toCoinOne":14.195553858489527,"toBtc":14.201801901561044}}