{"exchange":{"rate":856},"xrp":{"toCoinOne":0.4264018691588785,"toBtc":0.42757009345794394},"bch":{"toCoinOne":610.1051401869158,"toBtc":610.8060747663551},"eth":{"toCoinOne":369.56775700934577,"toBtc":369.68457943925233},"ltc":{"toCoinOne":107.81542056074767,"toBtc":107.96728971962617},"etc":{"toCoinOne":14.13551401869159,"toBtc":14.176401869158878}}