{"exchange":{"rate":856},"xrp":{"toCoinOne":0.42406542056074764,"toBtc":0.4252336448598131},"bch":{"toCoinOne":607.8855140186915,"toBtc":608.6448598130842},"eth":{"toCoinOne":366.47196261682245,"toBtc":366.7056074766355},"ltc":{"toCoinOne":106.9392523364486,"toBtc":107.07943925233644},"etc":{"toCoinOne":14.07126168224299,"toBtc":14.077102803738319}}