{"exchange":{"rate":856},"xrp":{"toCoinOne":0.4252336448598131,"toBtc":0.4264018691588785},"bch":{"toCoinOne":610.3971962616822,"toBtc":610.981308411215},"eth":{"toCoinOne":368.10747663551405,"toBtc":368.4579439252336},"ltc":{"toCoinOne":106.92757009345794,"toBtc":107.0911214953271},"etc":{"toCoinOne":14.106308411214954,"toBtc":14.129672897196262}}