{"exchange":{"rate":794.8424246177},"xrp":{"toCoinOne":0.4139185199610364,"toBtc":0.41517663096395746},"bch":{"toCoinOne":570.1130009736888,"toBtc":570.238812073981},"eth":{"toCoinOne":368.12327945470895,"toBtc":368.50071275558525},"ltc":{"toCoinOne":105.99585199610127,"toBtc":106.09650087633494},"etc":{"toCoinOne":13.3548482960073,"toBtc":13.38001051606572}}